County,Township,Village,Zone_Type,Zone_Name,SsD,S1D,SsM,S1M,SDS,SMS,T0_sec
新北市,三重區,全區所有里,Basin,臺北一區,,,,,0.6,0.8,1.6
新北市,蘆洲區,全區所有里,Basin,臺北一區,,,,,0.6,0.8,1.6
新北市,五股區,興珍里,Basin,臺北一區,,,,,0.6,0.8,1.6
新北市,五股區,更寮里,Basin,臺北一區,,,,,0.6,0.8,1.6
新北市,五股區,集福里,Basin,臺北一區,,,,,0.6,0.8,1.6
新北市,五股區,成州里,Basin,臺北一區,,,,,0.6,0.8,1.6
新北市,五股區,成功里,Basin,臺北一區,,,,,0.6,0.8,1.6
新北市,五股區,五股里,Basin,臺北一區,,,,,0.6,0.8,1.6
新北市,五股區,五福里,Basin,臺北一區,,,,,0.6,0.8,1.6
新北市,五股區,德音里,Basin,臺北一區,,,,,0.6,0.8,1.6
新北市,五股區,陸一里,Basin,臺北一區,,,,,0.6,0.8,1.6
新北市,五股區,貿商里,Basin,臺北一區,,,,,0.6,0.8,1.6
新北市,五股區,德泰里,Basin,臺北一區,,,,,0.6,0.8,1.6
新北市,五股區,成德里,Basin,臺北一區,,,,,0.6,0.8,1.6
新北市,五股區,六福里,Basin,臺北一區,,,,,0.6,0.8,1.6
新北市,五股區,集賢里,Basin,臺北一區,,,,,0.6,0.8,1.6
新北市,五股區,民義里,Basin,臺北一區,,,,,0.6,0.8,1.6
新北市,五股區,成泰里,Basin,臺北一區,,,,,0.6,0.8,1.6
新北市,五股區,水碓里,Basin,臺北一區,,,,,0.6,0.8,1.6
新北市,五股區,福德里,Basin,臺北一區,,,,,0.6,0.8,1.6
新北市,泰山區,山腳里,Basin,臺北一區,,,,,0.6,0.8,1.6
新北市,泰山區,福泰里,Basin,臺北一區,,,,,0.6,0.8,1.6
新北市,泰山區,楓樹里,Basin,臺北一區,,,,,0.6,0.8,1.6
新北市,泰山區,同榮里,Basin,臺北一區,,,,,0.6,0.8,1.6
新北市,泰山區,義學里,Basin,臺北一區,,,,,0.6,0.8,1.6
新北市,泰山區,明志里,Basin,臺北一區,,,,,0.6,0.8,1.6
新北市,泰山區,貴子里,Basin,臺北一區,,,,,0.6,0.8,1.6
新北市,泰山區,貴和里,Basin,臺北一區,,,,,0.6,0.8,1.6
新北市,泰山區,同興里,Basin,臺北一區,,,,,0.6,0.8,1.6
新北市,泰山區,義仁里,Basin,臺北一區,,,,,0.6,0.8,1.6
新北市,泰山區,泰友里,Basin,臺北一區,,,,,0.6,0.8,1.6
新北市,泰山區,新明里,Basin,臺北一區,,,,,0.6,0.8,1.6
新北市,泰山區,貴賢里,Basin,臺北一區,,,,,0.6,0.8,1.6
新北市,泰山區,福興里,Basin,臺北一區,,,,,0.6,0.8,1.6
新北市,泰山區,全興里,Basin,臺北一區,,,,,0.6,0.8,1.6
新北市,新莊區,海山里,Basin,臺北一區,,,,,0.6,0.8,1.6
新北市,新莊區,頭前里,Basin,臺北一區,,,,,0.6,0.8,1.6
新北市,新莊區,國泰里,Basin,臺北一區,,,,,0.6,0.8,1.6
新北市,新莊區,全安里,Basin,臺北一區,,,,,0.6,0.8,1.6
新北市,新莊區,福基里,Basin,臺北一區,,,,,0.6,0.8,1.6
新北市,新莊區,豐年里,Basin,臺北一區,,,,,0.6,0.8,1.6
新北市,新莊區,忠孝里,Basin,臺北一區,,,,,0.6,0.8,1.6
新北市,新莊區,恆安里,Basin,臺北一區,,,,,0.6,0.8,1.6
新北市,新莊區,後港里,Basin,臺北一區,,,,,0.6,0.8,1.6
新北市,新莊區,文衡里,Basin,臺北一區,,,,,0.6,0.8,1.6
新北市,新莊區,中美里,Basin,臺北一區,,,,,0.6,0.8,1.6
新北市,新莊區,興漢里,Basin,臺北一區,,,,,0.6,0.8,1.6
新北市,新莊區,中和里,Basin,臺北一區,,,,,0.6,0.8,1.6
新北市,新莊區,榮和里,Basin,臺北一區,,,,,0.6,0.8,1.6
新北市,新莊區,中泰里,Basin,臺北一區,,,,,0.6,0.8,1.6
新北市,新莊區,瓊林里,Basin,臺北一區,,,,,0.6,0.8,1.6
新北市,新莊區,文德里,Basin,臺北一區,,,,,0.6,0.8,1.6
新北市,新莊區,中誠里,Basin,臺北一區,,,,,0.6,0.8,1.6
新北市,新莊區,文明里,Basin,臺北一區,,,,,0.6,0.8,1.6
新北市,新莊區,中港里,Basin,臺北一區,,,,,0.6,0.8,1.6
新北市,新莊區,思源里,Basin,臺北一區,,,,,0.6,0.8,1.6
新北市,新莊區,立人里,Basin,臺北一區,,,,,0.6,0.8,1.6
新北市,新莊區,仁愛里,Basin,臺北一區,,,,,0.6,0.8,1.6
新北市,新莊區,立德里,Basin,臺北一區,,,,,0.6,0.8,1.6
新北市,新莊區,信義里,Basin,臺北一區,,,,,0.6,0.8,1.6
新北市,新莊區,立言里,Basin,臺北一區,,,,,0.6,0.8,1.6
新北市,新莊區,和平里,Basin,臺北一區,,,,,0.6,0.8,1.6
新北市,新莊區,立功里,Basin,臺北一區,,,,,0.6,0.8,1.6
新北市,新莊區,化成里,Basin,臺北一區,,,,,0.6,0.8,1.6
新北市,新莊區,立志里,Basin,臺北一區,,,,,0.6,0.8,1.6
新北市,新莊區,思賢里,Basin,臺北一區,,,,,0.6,0.8,1.6
新北市,新莊區,營盤里,Basin,臺北一區,,,,,0.6,0.8,1.6
新北市,新莊區,自強里,Basin,臺北一區,,,,,0.6,0.8,1.6
新北市,新莊區,自立里,Basin,臺北一區,,,,,0.6,0.8,1.6
新北市,新莊區,幸福里,Basin,臺北一區,,,,,0.6,0.8,1.6
新北市,新莊區,自信里,Basin,臺北一區,,,,,0.6,0.8,1.6
新北市,新莊區,中華里,Basin,臺北一區,,,,,0.6,0.8,1.6
新北市,新莊區,中隆里,Basin,臺北一區,,,,,0.6,0.8,1.6
新北市,新莊區,中原里,Basin,臺北一區,,,,,0.6,0.8,1.6
新北市,新莊區,中信里,Basin,臺北一區,,,,,0.6,0.8,1.6
新北市,新莊區,建福里,Basin,臺北一區,,,,,0.6,0.8,1.6
新北市,新莊區,中宏里,Basin,臺北一區,,,,,0.6,0.8,1.6
新北市,新莊區,中全里,Basin,臺北一區,,,,,0.6,0.8,1.6
新北市,新莊區,立泰里,Basin,臺北一區,,,,,0.6,0.8,1.6
新北市,新莊區,全泰里,Basin,臺北一區,,,,,0.6,0.8,1.6
新北市,新莊區,仁義里,Basin,臺北一區,,,,,0.6,0.8,1.6
新北市,新莊區,立基里,Basin,臺北一區,,,,,0.6,0.8,1.6
新北市,新莊區,昌明里,Basin,臺北一區,,,,,0.6,0.8,1.6
新北市,新莊區,昌平里,Basin,臺北一區,,,,,0.6,0.8,1.6
新北市,新莊區,文聖里,Basin,臺北一區,,,,,0.6,0.8,1.6
新北市,新莊區,福營里,Basin,臺北一區,,,,,0.6,0.8,1.6
新北市,新莊區,後德里,Basin,臺北一區,,,,,0.6,0.8,1.6
新北市,新莊區,建安里,Basin,臺北一區,,,,,0.6,0.8,1.6
新北市,新莊區,泰豐里,Basin,臺北一區,,,,,0.6,0.8,1.6
新北市,新莊區,立廷里,Basin,臺北一區,,,,,0.6,0.8,1.6
新北市,新莊區,中平里,Basin,臺北一區,,,,,0.6,0.8,1.6
新北市,新莊區,昌隆里,Basin,臺北一區,,,,,0.6,0.8,1.6
新北市,新莊區,昌信里,Basin,臺北一區,,,,,0.6,0.8,1.6
新北市,新莊區,福興里,Basin,臺北一區,,,,,0.6,0.8,1.6
新北市,板橋區,中正里,Basin,臺北一區,,,,,0.6,0.8,1.6
新北市,板橋區,江翠里,Basin,臺北一區,,,,,0.6,0.8,1.6
新北市,板橋區,純翠里,Basin,臺北一區,,,,,0.6,0.8,1.6
新北市,板橋區,溪頭里,Basin,臺北一區,,,,,0.6,0.8,1.6
新北市,板橋區,宏翠里,Basin,臺北一區,,,,,0.6,0.8,1.6
新北市,板橋區,仁翠里,Basin,臺北一區,,,,,0.6,0.8,1.6
新北市,板橋區,吉翠里,Basin,臺北一區,,,,,0.6,0.8,1.6
新北市,板橋區,德翠里,Basin,臺北一區,,,,,0.6,0.8,1.6
新北市,板橋區,滿翠里,Basin,臺北一區,,,,,0.6,0.8,1.6
新北市,板橋區,松翠里,Basin,臺北一區,,,,,0.6,0.8,1.6
新北市,板橋區,柏翠里,Basin,臺北一區,,,,,0.6,0.8,1.6
新北市,板橋區,龍翠里,Basin,臺北一區,,,,,0.6,0.8,1.6
新北市,板橋區,華翠里,Basin,臺北一區,,,,,0.6,0.8,1.6
新北市,板橋區,忠翠里,Basin,臺北一區,,,,,0.6,0.8,1.6
新北市,板橋區,嵐翠里,Basin,臺北一區,,,,,0.6,0.8,1.6
新北市,板橋區,文翠里,Basin,臺北一區,,,,,0.6,0.8,1.6
新北市,板橋區,青翠里,Basin,臺北一區,,,,,0.6,0.8,1.6
新北市,板橋區,懷翠里,Basin,臺北一區,,,,,0.6,0.8,1.6
新北市,板橋區,福翠里,Basin,臺北一區,,,,,0.6,0.8,1.6
新北市,板橋區,港嘴里,Basin,臺北一區,,,,,0.6,0.8,1.6
新北市,板橋區,振興里,Basin,臺北一區,,,,,0.6,0.8,1.6
新北市,板橋區,振義里,Basin,臺北一區,,,,,0.6,0.8,1.6
新北市,板橋區,光復里,Basin,臺北一區,,,,,0.6,0.8,1.6
新北市,板橋區,埔墘里,Basin,臺北一區,,,,,0.6,0.8,1.6
新北市,板橋區,長壽里,Basin,臺北一區,,,,,0.6,0.8,1.6
新北市,板橋區,九如里,Basin,臺北一區,,,,,0.6,0.8,1.6
新北市,板橋區,光仁里,Basin,臺北一區,,,,,0.6,0.8,1.6
新北市,板橋區,埤墘里,Basin,臺北一區,,,,,0.6,0.8,1.6
新北市,板橋區,永安里,Basin,臺北一區,,,,,0.6,0.8,1.6
新北市,板橋區,雙玉里,Basin,臺北一區,,,,,0.6,0.8,1.6
新北市,板橋區,廣新里,Basin,臺北一區,,,,,0.6,0.8,1.6
新北市,板橋區,東丘里,Basin,臺北一區,,,,,0.6,0.8,1.6
新北市,板橋區,文化里,Basin,臺北一區,,,,,0.6,0.8,1.6
新北市,板橋區,新海里,Basin,臺北一區,,,,,0.6,0.8,1.6
新北市,板橋區,富貴里,Basin,臺北一區,,,,,0.6,0.8,1.6
新北市,板橋區,正泰里,Basin,臺北一區,,,,,0.6,0.8,1.6
新北市,板橋區,松柏里,Basin,臺北一區,,,,,0.6,0.8,1.6
新北市,板橋區,文聖里,Basin,臺北一區,,,,,0.6,0.8,1.6
新北市,永和區,全區所有里,Basin,臺北二區,,,,,0.6,0.8,1.3
新北市,新莊區,八德里,Basin,臺北二區,,,,,0.6,0.8,1.3
新北市,新莊區,西盛里,Basin,臺北二區,,,,,0.6,0.8,1.3
新北市,新莊區,裕民里,Basin,臺北二區,,,,,0.6,0.8,1.3
新北市,新莊區,富國里,Basin,臺北二區,,,,,0.6,0.8,1.3
新北市,新莊區,南港里,Basin,臺北二區,,,,,0.6,0.8,1.3
新北市,新莊區,民安里,Basin,臺北二區,,,,,0.6,0.8,1.3
新北市,新莊區,民本里,Basin,臺北二區,,,,,0.6,0.8,1.3
新北市,新莊區,光華里,Basin,臺北二區,,,,,0.6,0.8,1.3
新北市,新莊區,光榮里,Basin,臺北二區,,,,,0.6,0.8,1.3
新北市,新莊區,丹鳳里,Basin,臺北二區,,,,,0.6,0.8,1.3
新北市,新莊區,光明里,Basin,臺北二區,,,,,0.6,0.8,1.3
新北市,新莊區,合鳳里,Basin,臺北二區,,,,,0.6,0.8,1.3
新北市,新莊區,雙鳳里,Basin,臺北二區,,,,,0.6,0.8,1.3
新北市,新莊區,龍鳳里,Basin,臺北二區,,,,,0.6,0.8,1.3
新北市,新莊區,四維里,Basin,臺北二區,,,,,0.6,0.8,1.3
新北市,新莊區,萬安里,Basin,臺北二區,,,,,0.6,0.8,1.3
新北市,新莊區,龍安里,Basin,臺北二區,,,,,0.6,0.8,1.3
新北市,新莊區,成德里,Basin,臺北二區,,,,,0.6,0.8,1.3
新北市,新莊區,光和里,Basin,臺北二區,,,,,0.6,0.8,1.3
新北市,新莊區,光正里,Basin,臺北二區,,,,,0.6,0.8,1.3
新北市,新莊區,民有里,Basin,臺北二區,,,,,0.6,0.8,1.3
新北市,新莊區,民全里,Basin,臺北二區,,,,,0.6,0.8,1.3
新北市,新莊區,祥鳳里,Basin,臺北二區,,,,,0.6,0.8,1.3
新北市,新莊區,龍福里,Basin,臺北二區,,,,,0.6,0.8,1.3
新北市,新莊區,富民里,Basin,臺北二區,,,,,0.6,0.8,1.3
新北市,樹林區,三多里,Basin,臺北二區,,,,,0.6,0.8,1.3
新北市,樹林區,三福里,Basin,臺北二區,,,,,0.6,0.8,1.3
新北市,樹林區,圳安里,Basin,臺北二區,,,,,0.6,0.8,1.3
新北市,樹林區,保安里,Basin,臺北二區,,,,,0.6,0.8,1.3
新北市,樹林區,潭底里,Basin,臺北二區,,,,,0.6,0.8,1.3
新北市,樹林區,羌寮里,Basin,臺北二區,,,,,0.6,0.8,1.3
新北市,樹林區,圳福里,Basin,臺北二區,,,,,0.6,0.8,1.3
新北市,樹林區,光興里,Basin,臺北二區,,,,,0.6,0.8,1.3
新北市,樹林區,金寮里,Basin,臺北二區,,,,,0.6,0.8,1.3
新北市,樹林區,文林里,Basin,臺北二區,,,,,0.6,0.8,1.3
新北市,樹林區,圳民里,Basin,臺北二區,,,,,0.6,0.8,1.3
新北市,樹林區,圳生里,Basin,臺北二區,,,,,0.6,0.8,1.3
新北市,樹林區,三龍里,Basin,臺北二區,,,,,0.6,0.8,1.3
新北市,板橋區,留侯里,Basin,臺北二區,,,,,0.6,0.8,1.3
新北市,板橋區,流芳里,Basin,臺北二區,,,,,0.6,0.8,1.3
新北市,板橋區,赤松里,Basin,臺北二區,,,,,0.6,0.8,1.3
新北市,板橋區,黃石里,Basin,臺北二區,,,,,0.6,0.8,1.3
新北市,板橋區,挹秀里,Basin,臺北二區,,,,,0.6,0.8,1.3
新北市,板橋區,湳興里,Basin,臺北二區,,,,,0.6,0.8,1.3
新北市,板橋區,新興里,Basin,臺北二區,,,,,0.6,0.8,1.3
新北市,板橋區,社後里,Basin,臺北二區,,,,,0.6,0.8,1.3
新北市,板橋區,香社里,Basin,臺北二區,,,,,0.6,0.8,1.3
新北市,板橋區,自強里,Basin,臺北二區,,,,,0.6,0.8,1.3
新北市,板橋區,自立里,Basin,臺北二區,,,,,0.6,0.8,1.3
新北市,板橋區,光華里,Basin,臺北二區,,,,,0.6,0.8,1.3
新北市,板橋區,國光里,Basin,臺北二區,,,,,0.6,0.8,1.3
新北市,板橋區,港尾里,Basin,臺北二區,,,,,0.6,0.8,1.3
新北市,板橋區,金華里,Basin,臺北二區,,,,,0.6,0.8,1.3
新北市,板橋區,港德里,Basin,臺北二區,,,,,0.6,0.8,1.3
新北市,板橋區,民權里,Basin,臺北二區,,,,,0.6,0.8,1.3
新北市,板橋區,建國里,Basin,臺北二區,,,,,0.6,0.8,1.3
新北市,板橋區,漢生里,Basin,臺北二區,,,,,0.6,0.8,1.3
新北市,板橋區,公舘里,Basin,臺北二區,,,,,0.6,0.8,1.3
新北市,板橋區,新民里,Basin,臺北二區,,,,,0.6,0.8,1.3
新北市,板橋區,幸福里,Basin,臺北二區,,,,,0.6,0.8,1.3
新北市,板橋區,忠誠里,Basin,臺北二區,,,,,0.6,0.8,1.3
新北市,板橋區,百壽里,Basin,臺北二區,,,,,0.6,0.8,1.3
新北市,板橋區,介壽里,Basin,臺北二區,,,,,0.6,0.8,1.3
新北市,板橋區,新埔里,Basin,臺北二區,,,,,0.6,0.8,1.3
新北市,板橋區,華江里,Basin,臺北二區,,,,,0.6,0.8,1.3
新北市,板橋區,聯翠里,Basin,臺北二區,,,,,0.6,0.8,1.3
新北市,板橋區,新翠里,Basin,臺北二區,,,,,0.6,0.8,1.3
新北市,板橋區,明翠里,Basin,臺北二區,,,,,0.6,0.8,1.3
新北市,板橋區,福壽里,Basin,臺北二區,,,,,0.6,0.8,1.3
新北市,板橋區,海山里,Basin,臺北二區,,,,,0.6,0.8,1.3
新北市,板橋區,玉光里,Basin,臺北二區,,,,,0.6,0.8,1.3
新北市,板橋區,深丘里,Basin,臺北二區,,,,,0.6,0.8,1.3
新北市,板橋區,香丘里,Basin,臺北二區,,,,,0.6,0.8,1.3
新北市,板橋區,西安里,Basin,臺北二區,,,,,0.6,0.8,1.3
新北市,板橋區,長安里,Basin,臺北二區,,,,,0.6,0.8,1.3
新北市,板橋區,福丘里,Basin,臺北二區,,,,,0.6,0.8,1.3
新北市,板橋區,福祿里,Basin,臺北二區,,,,,0.6,0.8,1.3
新北市,板橋區,民族里,Basin,臺北二區,,,,,0.6,0.8,1.3
新北市,板橋區,國泰里,Basin,臺北二區,,,,,0.6,0.8,1.3
新北市,板橋區,福德里,Basin,臺北二區,,,,,0.6,0.8,1.3
新北市,板橋區,景星里,Basin,臺北二區,,,,,0.6,0.8,1.3
新北市,板橋區,福星里,Basin,臺北二區,,,,,0.6,0.8,1.3
新北市,板橋區,鄉雲里,Basin,臺北二區,,,,,0.6,0.8,1.3
新北市,板橋區,廣德里,Basin,臺北二區,,,,,0.6,0.8,1.3
新北市,板橋區,大豐里,Basin,臺北二區,,,,,0.6,0.8,1.3
新北市,板橋區,仁愛里,Basin,臺北二區,,,,,0.6,0.8,1.3
新北市,板橋區,華興里,Basin,臺北二區,,,,,0.6,0.8,1.3
新北市,板橋區,華貴里,Basin,臺北二區,,,,,0.6,0.8,1.3
新北市,板橋區,華東里,Basin,臺北二區,,,,,0.6,0.8,1.3
新北市,板橋區,浮洲里,Basin,臺北二區,,,,,0.6,0.8,1.3
新北市,板橋區,華中里,Basin,臺北二區,,,,,0.6,0.8,1.3
新北市,板橋區,僑中里,Basin,臺北二區,,,,,0.6,0.8,1.3
新北市,板橋區,中山里,Basin,臺北二區,,,,,0.6,0.8,1.3
新北市,板橋區,復興里,Basin,臺北二區,,,,,0.6,0.8,1.3
新北市,板橋區,大安里,Basin,臺北二區,,,,,0.6,0.8,1.3
新北市,板橋區,福安里,Basin,臺北二區,,,,,0.6,0.8,1.3
新北市,板橋區,聚安里,Basin,臺北二區,,,,,0.6,0.8,1.3
新北市,板橋區,龍安里,Basin,臺北二區,,,,,0.6,0.8,1.3
新北市,板橋區,崑崙里,Basin,臺北二區,,,,,0.6,0.8,1.3
新北市,板橋區,香雅里,Basin,臺北二區,,,,,0.6,0.8,1.3
新北市,板橋區,新生里,Basin,臺北二區,,,,,0.6,0.8,1.3
新北市,板橋區,文德里,Basin,臺北二區,,,,,0.6,0.8,1.3
新北市,板橋區,莒光里,Basin,臺北二區,,,,,0.6,0.8,1.3
新北市,板橋區,民生里,Basin,臺北二區,,,,,0.6,0.8,1.3
新北市,板橋區,後埔里,Basin,臺北二區,,,,,0.6,0.8,1.3
新北市,板橋區,華福里,Basin,臺北二區,,,,,0.6,0.8,1.3
新北市,板橋區,成和里,Basin,臺北二區,,,,,0.6,0.8,1.3
新北市,板橋區,光榮里,Basin,臺北二區,,,,,0.6,0.8,1.3
新北市,板橋區,民安里,Basin,臺北二區,,,,,0.6,0.8,1.3
新北市,板橋區,陽明里,Basin,臺北二區,,,,,0.6,0.8,1.3
新北市,板橋區,朝陽里,Basin,臺北二區,,,,,0.6,0.8,1.3
新北市,板橋區,居仁里,Basin,臺北二區,,,,,0.6,0.8,1.3
新北市,板橋區,莊敬里,Basin,臺北二區,,,,,0.6,0.8,1.3
新北市,板橋區,東安里,Basin,臺北二區,,,,,0.6,0.8,1.3
新北市,板橋區,大觀里,Basin,臺北二區,,,,,0.6,0.8,1.3
新北市,板橋區,歡園里,Basin,臺北二區,,,,,0.6,0.8,1.3
新北市,中和區,全區所有里,Basin,臺北二區,,,,,0.6,0.8,1.3
新北市,新店區,永安里,Basin,臺北二區,,,,,0.6,0.8,1.3
新北市,新店區,新和里,Basin,臺北二區,,,,,0.6,0.8,1.3
新北市,新店區,永平里,Basin,臺北二區,,,,,0.6,0.8,1.3
新北市,八里區,全區所有里,Basin,臺北二區,,,,,0.6,0.8,1.3
新北市,淡水區,全區所有里,Basin,臺北二區,,,,,0.6,0.8,1.3
新北市,土城區,埤塘里,Basin,臺北三區,,,,,0.6,0.8,1.05
新北市,土城區,土城里,Basin,臺北三區,,,,,0.6,0.8,1.05
新北市,土城區,員林里,Basin,臺北三區,,,,,0.6,0.8,1.05
新北市,土城區,員仁里,Basin,臺北三區,,,,,0.6,0.8,1.05
新北市,土城區,長風里,Basin,臺北三區,,,,,0.6,0.8,1.05
新北市,土城區,日新里,Basin,臺北三區,,,,,0.6,0.8,1.05
新北市,土城區,日和里,Basin,臺北三區,,,,,0.6,0.8,1.05
新北市,土城區,貨饒里,Basin,臺北三區,,,,,0.6,0.8,1.05
新北市,土城區,柑林里,Basin,臺北三區,,,,,0.6,0.8,1.05
新北市,土城區,埤林里,Basin,臺北三區,,,,,0.6,0.8,1.05
新北市,土城區,瑞興里,Basin,臺北三區,,,,,0.6,0.8,1.05
新北市,土城區,清水里,Basin,臺北三區,,,,,0.6,0.8,1.05
新北市,土城區,清和里,Basin,臺北三區,,,,,0.6,0.8,1.05
新北市,土城區,永豐里,Basin,臺北三區,,,,,0.6,0.8,1.05
新北市,土城區,清溪里,Basin,臺北三區,,,,,0.6,0.8,1.05
新北市,土城區,峰廷里,Basin,臺北三區,,,,,0.6,0.8,1.05
新北市,土城區,平和里,Basin,臺北三區,,,,,0.6,0.8,1.05
新北市,土城區,廷寮里,Basin,臺北三區,,,,,0.6,0.8,1.05
新北市,土城區,大安里,Basin,臺北三區,,,,,0.6,0.8,1.05
新北市,土城區,永寧里,Basin,臺北三區,,,,,0.6,0.8,1.05
新北市,土城區,沛陂里,Basin,臺北三區,,,,,0.6,0.8,1.05
新北市,土城區,頂埔里,Basin,臺北三區,,,,,0.6,0.8,1.05
新北市,土城區,頂福里,Basin,臺北三區,,,,,0.6,0.8,1.05
新北市,土城區,頂新里,Basin,臺北三區,,,,,0.6,0.8,1.05
新北市,土城區,樂利里,Basin,臺北三區,,,,,0.6,0.8,1.05
新北市,土城區,廣福里,Basin,臺北三區,,,,,0.6,0.8,1.05
新北市,土城區,學府里,Basin,臺北三區,,,,,0.6,0.8,1.05
新北市,土城區,延壽里,Basin,臺北三區,,,,,0.6,0.8,1.05
新北市,土城區,安和里,Basin,臺北三區,,,,,0.6,0.8,1.05
新北市,土城區,青雲里,Basin,臺北三區,,,,,0.6,0.8,1.05
新北市,土城區,員福里,Basin,臺北三區,,,,,0.6,0.8,1.05
新北市,土城區,延吉里,Basin,臺北三區,,,,,0.6,0.8,1.05
新北市,土城區,復興里,Basin,臺北三區,,,,,0.6,0.8,1.05
新北市,土城區,裕生里,Basin,臺北三區,,,,,0.6,0.8,1.05
新北市,土城區,員信里,Basin,臺北三區,,,,,0.6,0.8,1.05
新北市,土城區,永富里,Basin,臺北三區,,,,,0.6,0.8,1.05
新北市,土城區,學成里,Basin,臺北三區,,,,,0.6,0.8,1.05
新北市,土城區,延和里,Basin,臺北三區,,,,,0.6,0.8,1.05
新北市,土城區,中正里,Basin,臺北三區,,,,,0.6,0.8,1.05
新北市,土城區,學士里,Basin,臺北三區,,,,,0.6,0.8,1.05
新北市,土城區,明德里,Basin,臺北三區,,,,,0.6,0.8,1.05
新北市,土城區,廣興里,Basin,臺北三區,,,,,0.6,0.8,1.05
新北市,土城區,青山里,Basin,臺北三區,,,,,0.6,0.8,1.05
新北市,土城區,金城里,Basin,臺北三區,,,,,0.6,0.8,1.05
新北市,土城區,延祿里,Basin,臺北三區,,,,,0.6,0.8,1.05
新北市,樹林區,樹德里,Basin,臺北三區,,,,,0.6,0.8,1.05
新北市,樹林區,樹西里,Basin,臺北三區,,,,,0.6,0.8,1.05
新北市,樹林區,樹南里,Basin,臺北三區,,,,,0.6,0.8,1.05
新北市,樹林區,樹人里,Basin,臺北三區,,,,,0.6,0.8,1.05
新北市,樹林區,坡內里,Basin,臺北三區,,,,,0.6,0.8,1.05
新北市,樹林區,樹東里,Basin,臺北三區,,,,,0.6,0.8,1.05
新北市,樹林區,大同里,Basin,臺北三區,,,,,0.6,0.8,1.05
新北市,樹林區,和平里,Basin,臺北三區,,,,,0.6,0.8,1.05
新北市,樹林區,彭厝里,Basin,臺北三區,,,,,0.6,0.8,1.05
新北市,樹林區,彭福里,Basin,臺北三區,,,,,0.6,0.8,1.05
新北市,樹林區,東山里,Basin,臺北三區,,,,,0.6,0.8,1.05
新北市,樹林區,東陽里,Basin,臺北三區,,,,,0.6,0.8,1.05
新北市,樹林區,東昇里,Basin,臺北三區,,,,,0.6,0.8,1.05
新北市,樹林區,樹北里,Basin,臺北三區,,,,,0.6,0.8,1.05
新北市,樹林區,樹興里,Basin,臺北三區,,,,,0.6,0.8,1.05
新北市,樹林區,樹福里,Basin,臺北三區,,,,,0.6,0.8,1.05
新北市,樹林區,彭興里,Basin,臺北三區,,,,,0.6,0.8,1.05
新北市,樹林區,山佳里,Basin,臺北三區,,,,,0.6,0.8,1.05
新北市,樹林區,育英里,Basin,臺北三區,,,,,0.6,0.8,1.05
新北市,樹林區,中華里,Basin,臺北三區,,,,,0.6,0.8,1.05
新北市,樹林區,太順里,Basin,臺北三區,,,,,0.6,0.8,1.05
新北市,樹林區,北園里,Basin,臺北三區,,,,,0.6,0.8,1.05
新北市,板橋區,重慶里,Basin,臺北三區,,,,,0.6,0.8,1.05
新北市,板橋區,和平里,Basin,臺北三區,,,,,0.6,0.8,1.05
新北市,板橋區,廣福里,Basin,臺北三區,,,,,0.6,0.8,1.05
新北市,板橋區,華德里,Basin,臺北三區,,,,,0.6,0.8,1.05
新北市,板橋區,信義里,Basin,臺北三區,,,,,0.6,0.8,1.05
新北市,板橋區,溪洲里,Basin,臺北三區,,,,,0.6,0.8,1.05
新北市,板橋區,溪北里,Basin,臺北三區,,,,,0.6,0.8,1.05
新北市,板橋區,堂春里,Basin,臺北三區,,,,,0.6,0.8,1.05
新北市,板橋區,五權里,Basin,臺北三區,,,,,0.6,0.8,1.05
新北市,板橋區,溪福里,Basin,臺北三區,,,,,0.6,0.8,1.05
新北市,中和區,灰磘里,Basin,臺北三區,,,,,0.6,0.8,1.05
新北市,中和區,明穗里,Basin,臺北三區,,,,,0.6,0.8,1.05
新北市,中和區,清穗里,Basin,臺北三區,,,,,0.6,0.8,1.05
新北市,中和區,自強里,Basin,臺北三區,,,,,0.6,0.8,1.05
新北市,中和區,壽德里,Basin,臺北三區,,,,,0.6,0.8,1.05
新北市,中和區,明德里,Basin,臺北三區,,,,,0.6,0.8,1.05
新北市,中和區,嘉慶里,Basin,臺北三區,,,,,0.6,0.8,1.05
新北市,新店區,國豐里,Basin,臺北三區,,,,,0.6,0.8,1.05
新北市,新店區,明德里,Basin,臺北三區,,,,,0.6,0.8,1.05
新北市,新店區,大豐里,Basin,臺北三區,,,,,0.6,0.8,1.05
新北市,新店區,大同里,Basin,臺北三區,,,,,0.6,0.8,1.05
新北市,新店區,江陵里,Basin,臺北三區,,,,,0.6,0.8,1.05
新北市,新店區,寶興里,Basin,臺北三區,,,,,0.6,0.8,1.05
新北市,新店區,寶安里,Basin,臺北三區,,,,,0.6,0.8,1.05
新北市,新店區,信義里,Basin,臺北三區,,,,,0.6,0.8,1.05
新北市,新店區,忠孝里,Basin,臺北三區,,,,,0.6,0.8,1.05
新北市,新店區,大鵬里,Basin,臺北三區,,,,,0.6,0.8,1.05
新北市,新店區,頂城里,Basin,臺北三區,,,,,0.6,0.8,1.05
新北市,新店區,下城里,Basin,臺北三區,,,,,0.6,0.8,1.05
新北市,新店區,公崙里,Basin,臺北三區,,,,,0.6,0.8,1.05
新北市,新店區,張北里,Basin,臺北三區,,,,,0.6,0.8,1.05
新北市,新店區,新安里,Basin,臺北三區,,,,,0.6,0.8,1.05
新北市,新店區,忠誠里,Basin,臺北三區,,,,,0.6,0.8,1.05
新北市,新店區,中正里,Basin,臺北三區,,,,,0.6,0.8,1.05
新北市,新店區,中華里,Basin,臺北三區,,,,,0.6,0.8,1.05
新北市,新店區,仁愛里,Basin,臺北三區,,,,,0.6,0.8,1.05
新北市,新店區,百忍里,Basin,臺北三區,,,,,0.6,0.8,1.05
新北市,新店區,百和里,Basin,臺北三區,,,,,0.6,0.8,1.05
新北市,新店區,福德里,Basin,臺北三區,,,,,0.6,0.8,1.05
新北市,新店區,百福里,Basin,臺北三區,,,,,0.6,0.8,1.05
新北市,新店區,福民里,Basin,臺北三區,,,,,0.6,0.8,1.05
新北市,新店區,中山里,Basin,臺北三區,,,,,0.6,0.8,1.05
新北市,新店區,和平里,Basin,臺北三區,,,,,0.6,0.8,1.05
新北市,新店區,中央里,Basin,臺北三區,,,,,0.6,0.8,1.05
新北市,新店區,安和里,Basin,臺北三區,,,,,0.6,0.8,1.05
新北市,新店區,建國里,Basin,臺北三區,,,,,0.6,0.8,1.05
新北市,新店區,復興里,Basin,臺北三區,,,,,0.6,0.8,1.05
新北市,新店區,安昌里,Basin,臺北三區,,,,,0.6,0.8,1.05
新北市,新店區,寶福里,Basin,臺北三區,,,,,0.6,0.8,1.05
新北市,汐止區,義民里,Basin,臺北三區,,,,,0.6,0.8,1.05
新北市,汐止區,禮門里,Basin,臺北三區,,,,,0.6,0.8,1.05
新北市,汐止區,智慧里,Basin,臺北三區,,,,,0.6,0.8,1.05
新北市,汐止區,信望里,Basin,臺北三區,,,,,0.6,0.8,1.05
新北市,汐止區,橋東里,Basin,臺北三區,,,,,0.6,0.8,1.05
新北市,汐止區,秀峰里,Basin,臺北三區,,,,,0.6,0.8,1.05
新北市,汐止區,新昌里,Basin,臺北三區,,,,,0.6,0.8,1.05
新北市,汐止區,復興里,Basin,臺北三區,,,,,0.6,0.8,1.05
新北市,汐止區,長安里,Basin,臺北三區,,,,,0.6,0.8,1.05
新北市,汐止區,鄉長里,Basin,臺北三區,,,,,0.6,0.8,1.05
新北市,汐止區,江北里,Basin,臺北三區,,,,,0.6,0.8,1.05
新北市,汐止區,樟樹里,Basin,臺北三區,,,,,0.6,0.8,1.05
新北市,汐止區,北峰里,Basin,臺北三區,,,,,0.6,0.8,1.05
新北市,汐止區,北山里,Basin,臺北三區,,,,,0.6,0.8,1.05
新北市,汐止區,橫科里,Basin,臺北三區,,,,,0.6,0.8,1.05
新北市,汐止區,福山里,Basin,臺北三區,,,,,0.6,0.8,1.05
新北市,汐止區,宜興里,Basin,臺北三區,,,,,0.6,0.8,1.05
新北市,汐止區,中興里,Basin,臺北三區,,,,,0.6,0.8,1.05
新北市,汐止區,湖光里,Basin,臺北三區,,,,,0.6,0.8,1.05
新北市,汐止區,仁德里,Basin,臺北三區,,,,,0.6,0.8,1.05
新北市,汐止區,厚德里,Basin,臺北三區,,,,,0.6,0.8,1.05
新北市,汐止區,忠孝里,Basin,臺北三區,,,,,0.6,0.8,1.05
新北市,汐止區,自強里,Basin,臺北三區,,,,,0.6,0.8,1.05
新北市,汐止區,城中里,Basin,臺北三區,,,,,0.6,0.8,1.05
新北市,汐止區,湖蓮里,Basin,臺北三區,,,,,0.6,0.8,1.05
新北市,汐止區,建成里,Basin,臺北三區,,,,,0.6,0.8,1.05
新北市,汐止區,環河里,Basin,臺北三區,,,,,0.6,0.8,1.05
新北市,汐止區,東勢里,Basin,臺北三區,,,,,0.6,0.8,1.05
新北市,汐止區,大同里,Basin,臺北三區,,,,,0.6,0.8,1.05
新北市,汐止區,秀山里,Basin,臺北三區,,,,,0.6,0.8,1.05
新北市,汐止區,福安里,Basin,臺北三區,,,,,0.6,0.8,1.05
新北市,汐止區,山光里,Basin,臺北三區,,,,,0.6,0.8,1.05
新北市,汐止區,康福里,Basin,臺北三區,,,,,0.6,0.8,1.05
新北市,汐止區,興福里,Basin,臺北三區,,,,,0.6,0.8,1.05
新北市,汐止區,福德里,Basin,臺北三區,,,,,0.6,0.8,1.05
新北市,汐止區,金龍里,Basin,臺北三區,,,,,0.6,0.8,1.05
新北市,汐止區,忠山里,Basin,臺北三區,,,,,0.6,0.8,1.05
臺北市,大同區,全區所有里,Basin,臺北二區,,,,,0.6,0.8,1.3
臺北市,士林區,社新里,Basin,臺北一區,,,,,0.6,0.8,1.6
臺北市,士林區,社園里,Basin,臺北一區,,,,,0.6,0.8,1.6
臺北市,士林區,永倫里,Basin,臺北一區,,,,,0.6,0.8,1.6
臺北市,士林區,福安里,Basin,臺北一區,,,,,0.6,0.8,1.6
臺北市,士林區,富洲里,Basin,臺北一區,,,,,0.6,0.8,1.6
臺北市,士林區,仁勇里,Basin,臺北二區,,,,,0.6,0.8,1.3
臺北市,士林區,義信里,Basin,臺北二區,,,,,0.6,0.8,1.3
臺北市,士林區,福林里,Basin,臺北二區,,,,,0.6,0.8,1.3
臺北市,士林區,福德里,Basin,臺北二區,,,,,0.6,0.8,1.3
臺北市,士林區,福志里,Basin,臺北二區,,,,,0.6,0.8,1.3
臺北市,士林區,舊佳里,Basin,臺北二區,,,,,0.6,0.8,1.3
臺北市,士林區,福佳里,Basin,臺北二區,,,,,0.6,0.8,1.3
臺北市,士林區,後港里,Basin,臺北二區,,,,,0.6,0.8,1.3
臺北市,士林區,福中里,Basin,臺北二區,,,,,0.6,0.8,1.3
臺北市,士林區,前港里,Basin,臺北二區,,,,,0.6,0.8,1.3
臺北市,士林區,百齡里,Basin,臺北二區,,,,,0.6,0.8,1.3
臺北市,士林區,承德里,Basin,臺北二區,,,,,0.6,0.8,1.3
臺北市,士林區,福華里,Basin,臺北二區,,,,,0.6,0.8,1.3
臺北市,士林區,明勝里,Basin,臺北二區,,,,,0.6,0.8,1.3
臺北市,士林區,福順里,Basin,臺北二區,,,,,0.6,0.8,1.3
臺北市,士林區,富光里,Basin,臺北二區,,,,,0.6,0.8,1.3
臺北市,士林區,葫蘆里,Basin,臺北二區,,,,,0.6,0.8,1.3
臺北市,士林區,葫東里,Basin,臺北二區,,,,,0.6,0.8,1.3
臺北市,士林區,社子里,Basin,臺北二區,,,,,0.6,0.8,1.3
臺北市,士林區,岩山里,Basin,臺北二區,,,,,0.6,0.8,1.3
臺北市,士林區,名山里,Basin,臺北二區,,,,,0.6,0.8,1.3
臺北市,士林區,德行里,Basin,臺北二區,,,,,0.6,0.8,1.3
臺北市,士林區,德華里,Basin,臺北二區,,,,,0.6,0.8,1.3
臺北市,士林區,聖山里,Basin,臺北二區,,,,,0.6,0.8,1.3
臺北市,士林區,忠誠里,Basin,臺北二區,,,,,0.6,0.8,1.3
臺北市,士林區,芝山里,Basin,臺北二區,,,,,0.6,0.8,1.3
臺北市,士林區,東山里,Basin,臺北二區,,,,,0.6,0.8,1.3
臺北市,士林區,三玉里,Basin,臺北二區,,,,,0.6,0.8,1.3
臺北市,士林區,蘭雅里,Basin,臺北二區,,,,,0.6,0.8,1.3
臺北市,士林區,蘭興里,Basin,臺北二區,,,,,0.6,0.8,1.3
臺北市,士林區,天福里,Basin,臺北二區,,,,,0.6,0.8,1.3
臺北市,士林區,天祿里,Basin,臺北二區,,,,,0.6,0.8,1.3
臺北市,士林區,天壽里,Basin,臺北二區,,,,,0.6,0.8,1.3
臺北市,士林區,天和里,Basin,臺北二區,,,,,0.6,0.8,1.3
臺北市,士林區,天山里,Basin,臺北二區,,,,,0.6,0.8,1.3
臺北市,士林區,天玉里,Basin,臺北二區,,,,,0.6,0.8,1.3
臺北市,士林區,臨溪里,Basin,臺北二區,,,,,0.6,0.8,1.3
臺北市,北投區,建民里,Basin,臺北一區,,,,,0.6,0.8,1.6
臺北市,北投區,文林里,Basin,臺北一區,,,,,0.6,0.8,1.6
臺北市,北投區,石牌里,Basin,臺北一區,,,,,0.6,0.8,1.6
臺北市,北投區,福興里,Basin,臺北一區,,,,,0.6,0.8,1.6
臺北市,北投區,榮光里,Basin,臺北一區,,,,,0.6,0.8,1.6
臺北市,北投區,吉慶里,Basin,臺北一區,,,,,0.6,0.8,1.6
臺北市,北投區,立賢里,Basin,臺北一區,,,,,0.6,0.8,1.6
臺北市,北投區,洲美里,Basin,臺北一區,,,,,0.6,0.8,1.6
臺北市,北投區,關渡里,Basin,臺北一區,,,,,0.6,0.8,1.6
臺北市,北投區,榮華里,Basin,臺北二區,,,,,0.6,0.8,1.3
臺北市,北投區,裕民里,Basin,臺北二區,,,,,0.6,0.8,1.3
臺北市,北投區,振華里,Basin,臺北二區,,,,,0.6,0.8,1.3
臺北市,北投區,永明里,Basin,臺北二區,,,,,0.6,0.8,1.3
臺北市,北投區,吉利里,Basin,臺北二區,,,,,0.6,0.8,1.3
臺北市,北投區,尊賢里,Basin,臺北二區,,,,,0.6,0.8,1.3
臺北市,北投區,立農里,Basin,臺北二區,,,,,0.6,0.8,1.3
臺北市,北投區,八仙里,Basin,臺北二區,,,,,0.6,0.8,1.3
臺北市,北投區,一德里,Basin,臺北二區,,,,,0.6,0.8,1.3
臺北市,北投區,永欣里,Basin,臺北二區,,,,,0.6,0.8,1.3
臺北市,北投區,東華里,Basin,臺北二區,,,,,0.6,0.8,1.3
臺北市,北投區,奇岩里,Basin,臺北二區,,,,,0.6,0.8,1.3
臺北市,北投區,清江里,Basin,臺北二區,,,,,0.6,0.8,1.3
臺北市,北投區,中央里,Basin,臺北二區,,,,,0.6,0.8,1.3
臺北市,北投區,長安里,Basin,臺北二區,,,,,0.6,0.8,1.3
臺北市,北投區,大同里,Basin,臺北二區,,,,,0.6,0.8,1.3
臺北市,北投區,溫泉里,Basin,臺北二區,,,,,0.6,0.8,1.3
臺北市,北投區,中心里,Basin,臺北二區,,,,,0.6,0.8,1.3
臺北市,北投區,中庸里,Basin,臺北二區,,,,,0.6,0.8,1.3
臺北市,北投區,智仁里,Basin,臺北二區,,,,,0.6,0.8,1.3
臺北市,北投區,文化里,Basin,臺北二區,,,,,0.6,0.8,1.3
臺北市,北投區,豐年里,Basin,臺北二區,,,,,0.6,0.8,1.3
臺北市,北投區,稻香里,Basin,臺北二區,,,,,0.6,0.8,1.3
臺北市,北投區,桃源里,Basin,臺北二區,,,,,0.6,0.8,1.3
臺北市,中山區,正守里,Basin,臺北一區,,,,,0.6,0.8,1.6
臺北市,中山區,正義里,Basin,臺北一區,,,,,0.6,0.8,1.6
臺北市,中山區,康樂里,Basin,臺北一區,,,,,0.6,0.8,1.6
臺北市,中山區,中山里,Basin,臺北一區,,,,,0.6,0.8,1.6
臺北市,中山區,聚盛里,Basin,臺北一區,,,,,0.6,0.8,1.6
臺北市,中山區,聚葉里,Basin,臺北一區,,,,,0.6,0.8,1.6
臺北市,中山區,恆安里,Basin,臺北一區,,,,,0.6,0.8,1.6
臺北市,中山區,晴光里,Basin,臺北一區,,,,,0.6,0.8,1.6
臺北市,中山區,圓山里,Basin,臺北一區,,,,,0.6,0.8,1.6
臺北市,中山區,劍潭里,Basin,臺北一區,,,,,0.6,0.8,1.6
臺北市,中山區,大直里,Basin,臺北一區,,,,,0.6,0.8,1.6
臺北市,中山區,成功里,Basin,臺北一區,,,,,0.6,0.8,1.6
臺北市,中山區,永安里,Basin,臺北一區,,,,,0.6,0.8,1.6
臺北市,中山區,大佳里,Basin,臺北一區,,,,,0.6,0.8,1.6
臺北市,中山區,新喜里,Basin,臺北一區,,,,,0.6,0.8,1.6
臺北市,中山區,新庄里,Basin,臺北一區,,,,,0.6,0.8,1.6
臺北市,中山區,新福里,Basin,臺北一區,,,,,0.6,0.8,1.6
臺北市,中山區,松江里,Basin,臺北一區,,,,,0.6,0.8,1.6
臺北市,中山區,新生里,Basin,臺北一區,,,,,0.6,0.8,1.6
臺北市,中山區,中庄里,Basin,臺北一區,,,,,0.6,0.8,1.6
臺北市,中山區,行政里,Basin,臺北一區,,,,,0.6,0.8,1.6
臺北市,中山區,行仁里,Basin,臺北一區,,,,,0.6,0.8,1.6
臺北市,中山區,行孝里,Basin,臺北一區,,,,,0.6,0.8,1.6
臺北市,中山區,下埤里,Basin,臺北一區,,,,,0.6,0.8,1.6
臺北市,中山區,江寧里,Basin,臺北一區,,,,,0.6,0.8,1.6
臺北市,中山區,江山里,Basin,臺北一區,,,,,0.6,0.8,1.6
臺北市,中山區,中吉里,Basin,臺北一區,,,,,0.6,0.8,1.6
臺北市,中山區,中原里,Basin,臺北一區,,,,,0.6,0.8,1.6
臺北市,中山區,興亞里,Basin,臺北一區,,,,,0.6,0.8,1.6
臺北市,中山區,中央里,Basin,臺北一區,,,,,0.6,0.8,1.6
臺北市,中山區,朱馥里,Basin,臺北一區,,,,,0.6,0.8,1.6
臺北市,中山區,龍洲里,Basin,臺北一區,,,,,0.6,0.8,1.6
臺北市,中山區,朱園里,Basin,臺北一區,,,,,0.6,0.8,1.6
臺北市,中山區,埤頭里,Basin,臺北一區,,,,,0.6,0.8,1.6
臺北市,中山區,朱崙里,Basin,臺北一區,,,,,0.6,0.8,1.6
臺北市,中山區,力行里,Basin,臺北一區,,,,,0.6,0.8,1.6
臺北市,中山區,復華里,Basin,臺北一區,,,,,0.6,0.8,1.6
臺北市,中山區,北安里,Basin,臺北一區,,,,,0.6,0.8,1.6
臺北市,中山區,正得里,Basin,臺北二區,,,,,0.6,0.8,1.3
臺北市,中山區,民安里,Basin,臺北二區,,,,,0.6,0.8,1.3
臺北市,中山區,集英里,Basin,臺北二區,,,,,0.6,0.8,1.3
臺北市,中山區,金泰里,Basin,臺北二區,,,,,0.6,0.8,1.3
臺北市,松山區,精忠里,Basin,臺北一區,,,,,0.6,0.8,1.6
臺北市,松山區,龍田里,Basin,臺北一區,,,,,0.6,0.8,1.6
臺北市,松山區,東昌里,Basin,臺北一區,,,,,0.6,0.8,1.6
臺北市,松山區,東勢里,Basin,臺北一區,,,,,0.6,0.8,1.6
臺北市,松山區,中華里,Basin,臺北一區,,,,,0.6,0.8,1.6
臺北市,松山區,民有里,Basin,臺北一區,,,,,0.6,0.8,1.6
臺北市,松山區,民福里,Basin,臺北一區,,,,,0.6,0.8,1.6
臺北市,松山區,中正里,Basin,臺北一區,,,,,0.6,0.8,1.6
臺北市,松山區,中崙里,Basin,臺北一區,,,,,0.6,0.8,1.6
臺北市,松山區,美仁里,Basin,臺北一區,,,,,0.6,0.8,1.6
臺北市,松山區,吉仁里,Basin,臺北一區,,,,,0.6,0.8,1.6
臺北市,松山區,敦化里,Basin,臺北一區,,,,,0.6,0.8,1.6
臺北市,松山區,福成里,Basin,臺北一區,,,,,0.6,0.8,1.6
臺北市,松山區,松基里,Basin,臺北一區,,,,,0.6,0.8,1.6
臺北市,松山區,莊敬里,Basin,臺北二區,,,,,0.6,0.8,1.3
臺北市,松山區,東榮里,Basin,臺北二區,,,,,0.6,0.8,1.3
臺北市,松山區,三民里,Basin,臺北二區,,,,,0.6,0.8,1.3
臺北市,松山區,新益里,Basin,臺北二區,,,,,0.6,0.8,1.3
臺北市,松山區,富錦里,Basin,臺北二區,,,,,0.6,0.8,1.3
臺北市,松山區,新東里,Basin,臺北二區,,,,,0.6,0.8,1.3
臺北市,松山區,富泰里,Basin,臺北二區,,,,,0.6,0.8,1.3
臺北市,松山區,介壽里,Basin,臺北二區,,,,,0.6,0.8,1.3
臺北市,松山區,東光里,Basin,臺北二區,,,,,0.6,0.8,1.3
臺北市,松山區,安平里,Basin,臺北二區,,,,,0.6,0.8,1.3
臺北市,松山區,鵬程里,Basin,臺北二區,,,,,0.6,0.8,1.3
臺北市,松山區,自強里,Basin,臺北二區,,,,,0.6,0.8,1.3
臺北市,松山區,吉祥里,Basin,臺北二區,,,,,0.6,0.8,1.3
臺北市,松山區,新聚里,Basin,臺北二區,,,,,0.6,0.8,1.3
臺北市,松山區,復盛里,Basin,臺北二區,,,,,0.6,0.8,1.3
臺北市,松山區,復源里,Basin,臺北二區,,,,,0.6,0.8,1.3
臺北市,松山區,復建里,Basin,臺北二區,,,,,0.6,0.8,1.3
臺北市,松山區,復勢里,Basin,臺北二區,,,,,0.6,0.8,1.3
臺北市,松山區,慈祐里,Basin,臺北三區,,,,,0.6,0.8,1.05
臺北市,大安區,德安里,Basin,臺北一區,,,,,0.6,0.8,1.6
臺北市,大安區,仁慈里,Basin,臺北一區,,,,,0.6,0.8,1.6
臺北市,大安區,和安里,Basin,臺北一區,,,,,0.6,0.8,1.6
臺北市,大安區,民炤里,Basin,臺北一區,,,,,0.6,0.8,1.6
臺北市,大安區,仁愛里,Basin,臺北一區,,,,,0.6,0.8,1.6
臺北市,大安區,義村里,Basin,臺北一區,,,,,0.6,0.8,1.6
臺北市,大安區,民輝里,Basin,臺北一區,,,,,0.6,0.8,1.6
臺北市,大安區,昌隆里,Basin,臺北一區,,,,,0.6,0.8,1.6
臺北市,大安區,誠安里,Basin,臺北一區,,,,,0.6,0.8,1.6
臺北市,大安區,光武里,Basin,臺北一區,,,,,0.6,0.8,1.6
臺北市,大安區,龍圖里,Basin,臺北一區,,,,,0.6,0.8,1.6
臺北市,大安區,住安里,Basin,臺北一區,,,,,0.6,0.8,1.6
臺北市,大安區,建安里,Basin,臺北一區,,,,,0.6,0.8,1.6
臺北市,大安區,建倫里,Basin,臺北一區,,,,,0.6,0.8,1.6
臺北市,大安區,龍坡里,Basin,臺北二區,,,,,0.6,0.8,1.3
臺北市,大安區,龍泉里,Basin,臺北二區,,,,,0.6,0.8,1.3
臺北市,大安區,古風里,Basin,臺北二區,,,,,0.6,0.8,1.3
臺北市,大安區,古莊里,Basin,臺北二區,,,,,0.6,0.8,1.3
臺北市,大安區,龍安里,Basin,臺北二區,,,,,0.6,0.8,1.3
臺北市,大安區,錦安里,Basin,臺北二區,,,,,0.6,0.8,1.3
臺北市,大安區,福住里,Basin,臺北二區,,,,,0.6,0.8,1.3
臺北市,大安區,永康里,Basin,臺北二區,,,,,0.6,0.8,1.3
臺北市,大安區,光明里,Basin,臺北二區,,,,,0.6,0.8,1.3
臺北市,大安區,錦泰里,Basin,臺北二區,,,,,0.6,0.8,1.3
臺北市,大安區,錦華里,Basin,臺北二區,,,,,0.6,0.8,1.3
臺北市,大安區,新龍里,Basin,臺北二區,,,,,0.6,0.8,1.3
臺北市,大安區,龍陣里,Basin,臺北二區,,,,,0.6,0.8,1.3
臺北市,大安區,龍雲里,Basin,臺北二區,,,,,0.6,0.8,1.3
臺北市,大安區,龍生里,Basin,臺北二區,,,,,0.6,0.8,1.3
臺北市,大安區,義安里,Basin,臺北二區,,,,,0.6,0.8,1.3
臺北市,大安區,通化里,Basin,臺北二區,,,,,0.6,0.8,1.3
臺北市,大安區,通安里,Basin,臺北二區,,,,,0.6,0.8,1.3
臺北市,大安區,臨江里,Basin,臺北二區,,,,,0.6,0.8,1.3
臺北市,大安區,法治里,Basin,臺北二區,,,,,0.6,0.8,1.3
臺北市,大安區,全安里,Basin,臺北二區,,,,,0.6,0.8,1.3
臺北市,大安區,群賢里,Basin,臺北二區,,,,,0.6,0.8,1.3
臺北市,大安區,群英里,Basin,臺北二區,,,,,0.6,0.8,1.3
臺北市,大安區,虎嘯里,Basin,臺北二區,,,,,0.6,0.8,1.3
臺北市,大安區,臥龍里,Basin,臺北二區,,,,,0.6,0.8,1.3
臺北市,大安區,龍淵里,Basin,臺北二區,,,,,0.6,0.8,1.3
臺北市,大安區,龍門里,Basin,臺北二區,,,,,0.6,0.8,1.3
臺北市,大安區,大學里,Basin,臺北二區,,,,,0.6,0.8,1.3
臺北市,大安區,芳和里,Basin,臺北二區,,,,,0.6,0.8,1.3
臺北市,大安區,敦安里,Basin,臺北二區,,,,,0.6,0.8,1.3
臺北市,大安區,正聲里,Basin,臺北二區,,,,,0.6,0.8,1.3
臺北市,大安區,敦煌里,Basin,臺北二區,,,,,0.6,0.8,1.3
臺北市,大安區,華聲里,Basin,臺北二區,,,,,0.6,0.8,1.3
臺北市,大安區,車層里,Basin,臺北二區,,,,,0.6,0.8,1.3
臺北市,大安區,光信里,Basin,臺北二區,,,,,0.6,0.8,1.3
臺北市,大安區,學府里,Basin,臺北二區,,,,,0.6,0.8,1.3
臺北市,大安區,黎元里,Basin,臺北三區,,,,,0.6,0.8,1.05
臺北市,大安區,黎孝里,Basin,臺北三區,,,,,0.6,0.8,1.05
臺北市,大安區,黎和里,Basin,臺北三區,,,,,0.6,0.8,1.05
臺北市,中正區,梅花里,Basin,臺北一區,,,,,0.6,0.8,1.6
臺北市,中正區,幸市里,Basin,臺北一區,,,,,0.6,0.8,1.6
臺北市,中正區,三愛里,Basin,臺北一區,,,,,0.6,0.8,1.6
臺北市,中正區,水源里,Basin,臺北二區,,,,,0.6,0.8,1.3
臺北市,中正區,富水里,Basin,臺北二區,,,,,0.6,0.8,1.3
臺北市,中正區,文盛里,Basin,臺北二區,,,,,0.6,0.8,1.3
臺北市,中正區,林興里,Basin,臺北二區,,,,,0.6,0.8,1.3
臺北市,中正區,河堤里,Basin,臺北二區,,,,,0.6,0.8,1.3
臺北市,中正區,頂東里,Basin,臺北二區,,,,,0.6,0.8,1.3
臺北市,中正區,網溪里,Basin,臺北二區,,,,,0.6,0.8,1.3
臺北市,中正區,板溪里,Basin,臺北二區,,,,,0.6,0.8,1.3
臺北市,中正區,螢圃里,Basin,臺北二區,,,,,0.6,0.8,1.3
臺北市,中正區,螢雪里,Basin,臺北二區,,,,,0.6,0.8,1.3
臺北市,中正區,永功里,Basin,臺北二區,,,,,0.6,0.8,1.3
臺北市,中正區,永昌里,Basin,臺北二區,,,,,0.6,0.8,1.3
臺北市,中正區,龍興里,Basin,臺北二區,,,,,0.6,0.8,1.3
臺北市,中正區,忠勤里,Basin,臺北二區,,,,,0.6,0.8,1.3
臺北市,中正區,廈安里,Basin,臺北二區,,,,,0.6,0.8,1.3
臺北市,中正區,愛國里,Basin,臺北二區,,,,,0.6,0.8,1.3
臺北市,中正區,南門里,Basin,臺北二區,,,,,0.6,0.8,1.3
臺北市,中正區,龍光里,Basin,臺北二區,,,,,0.6,0.8,1.3
臺北市,中正區,南福里,Basin,臺北二區,,,,,0.6,0.8,1.3
臺北市,中正區,龍福里,Basin,臺北二區,,,,,0.6,0.8,1.3
臺北市,中正區,新營里,Basin,臺北二區,,,,,0.6,0.8,1.3
臺北市,中正區,建國里,Basin,臺北二區,,,,,0.6,0.8,1.3
臺北市,中正區,光復里,Basin,臺北二區,,,,,0.6,0.8,1.3
臺北市,中正區,黎明里,Basin,臺北二區,,,,,0.6,0.8,1.3
臺北市,中正區,幸福里,Basin,臺北二區,,,,,0.6,0.8,1.3
臺北市,中正區,東門里,Basin,臺北二區,,,,,0.6,0.8,1.3
臺北市,中正區,文北里,Basin,臺北二區,,,,,0.6,0.8,1.3
臺北市,中正區,文祥里,Basin,臺北二區,,,,,0.6,0.8,1.3
臺北市,萬華區,全區所有里,Basin,臺北二區,,,,,0.6,0.8,1.3
臺北市,信義區,西村里,Basin,臺北二區,,,,,0.6,0.8,1.3
臺北市,信義區,正和里,Basin,臺北二區,,,,,0.6,0.8,1.3
臺北市,信義區,興隆里,Basin,臺北二區,,,,,0.6,0.8,1.3
臺北市,信義區,中興里,Basin,臺北二區,,,,,0.6,0.8,1.3
臺北市,信義區,新仁里,Basin,臺北二區,,,,,0.6,0.8,1.3
臺北市,信義區,景新里,Basin,臺北二區,,,,,0.6,0.8,1.3
臺北市,信義區,景聯里,Basin,臺北二區,,,,,0.6,0.8,1.3
臺北市,信義區,景勤里,Basin,臺北二區,,,,,0.6,0.8,1.3
臺北市,信義區,嘉興里,Basin,臺北二區,,,,,0.6,0.8,1.3
臺北市,信義區,黎順里,Basin,臺北二區,,,,,0.6,0.8,1.3
臺北市,信義區,黎平里,Basin,臺北二區,,,,,0.6,0.8,1.3
臺北市,信義區,三張里,Basin,臺北二區,,,,,0.6,0.8,1.3
臺北市,信義區,雙和里,Basin,臺北二區,,,,,0.6,0.8,1.3
臺北市,信義區,興雅里,Basin,臺北三區,,,,,0.6,0.8,1.05
臺北市,信義區,敦厚里,Basin,臺北三區,,,,,0.6,0.8,1.05
臺北市,信義區,廣居里,Basin,臺北三區,,,,,0.6,0.8,1.05
臺北市,信義區,安康里,Basin,臺北三區,,,,,0.6,0.8,1.05
臺北市,信義區,六藝里,Basin,臺北三區,,,,,0.6,0.8,1.05
臺北市,信義區,雅祥里,Basin,臺北三區,,,,,0.6,0.8,1.05
臺北市,信義區,五常里,Basin,臺北三區,,,,,0.6,0.8,1.05
臺北市,信義區,五全里,Basin,臺北三區,,,,,0.6,0.8,1.05
臺北市,信義區,永吉里,Basin,臺北三區,,,,,0.6,0.8,1.05
臺北市,信義區,長春里,Basin,臺北三區,,,,,0.6,0.8,1.05
臺北市,信義區,四育里,Basin,臺北三區,,,,,0.6,0.8,1.05
臺北市,信義區,四維里,Basin,臺北三區,,,,,0.6,0.8,1.05
臺北市,信義區,永春里,Basin,臺北三區,,,,,0.6,0.8,1.05
臺北市,信義區,富台里,Basin,臺北三區,,,,,0.6,0.8,1.05
臺北市,信義區,國業里,Basin,臺北三區,,,,,0.6,0.8,1.05
臺北市,信義區,松隆里,Basin,臺北三區,,,,,0.6,0.8,1.05
臺北市,信義區,松友里,Basin,臺北三區,,,,,0.6,0.8,1.05
臺北市,信義區,松光里,Basin,臺北三區,,,,,0.6,0.8,1.05
臺北市,信義區,中坡里,Basin,臺北三區,,,,,0.6,0.8,1.05
臺北市,信義區,中行里,Basin,臺北三區,,,,,0.6,0.8,1.05
臺北市,信義區,大道里,Basin,臺北三區,,,,,0.6,0.8,1.05
臺北市,信義區,大仁里,Basin,臺北三區,,,,,0.6,0.8,1.05
臺北市,信義區,惠安里,Basin,臺北三區,,,,,0.6,0.8,1.05
臺北市,信義區,三犁里,Basin,臺北三區,,,,,0.6,0.8,1.05
臺北市,信義區,黎忠里,Basin,臺北三區,,,,,0.6,0.8,1.05
臺北市,信義區,六合里,Basin,臺北三區,,,,,0.6,0.8,1.05
臺北市,信義區,泰和里,Basin,臺北三區,,,,,0.6,0.8,1.05
臺北市,信義區,黎安里,Basin,臺北三區,,,,,0.6,0.8,1.05
臺北市,內湖區,西湖里,Basin,臺北二區,,,,,0.6,0.8,1.3
臺北市,內湖區,西康里,Basin,臺北二區,,,,,0.6,0.8,1.3
臺北市,內湖區,西安里,Basin,臺北二區,,,,,0.6,0.8,1.3
臺北市,內湖區,港墘里,Basin,臺北三區,,,,,0.6,0.8,1.05
臺北市,內湖區,港都里,Basin,臺北三區,,,,,0.6,0.8,1.05
臺北市,內湖區,港富里,Basin,臺北三區,,,,,0.6,0.8,1.05
臺北市,內湖區,港華里,Basin,臺北三區,,,,,0.6,0.8,1.05
臺北市,內湖區,內湖里,Basin,臺北三區,,,,,0.6,0.8,1.05
臺北市,內湖區,湖濱里,Basin,臺北三區,,,,,0.6,0.8,1.05
臺北市,內湖區,紫星里,Basin,臺北三區,,,,,0.6,0.8,1.05
臺北市,內湖區,金龍里,Basin,臺北三區,,,,,0.6,0.8,1.05
臺北市,內湖區,紫雲里,Basin,臺北三區,,,,,0.6,0.8,1.05
臺北市,內湖區,清白里,Basin,臺北三區,,,,,0.6,0.8,1.05
臺北市,內湖區,葫洲里,Basin,臺北三區,,,,,0.6,0.8,1.05
臺北市,內湖區,紫陽里,Basin,臺北三區,,,,,0.6,0.8,1.05
臺北市,內湖區,瑞陽里,Basin,臺北三區,,,,,0.6,0.8,1.05
臺北市,內湖區,瑞光里,Basin,臺北三區,,,,,0.6,0.8,1.05
臺北市,內湖區,五分里,Basin,臺北三區,,,,,0.6,0.8,1.05
臺北市,內湖區,東湖里,Basin,臺北三區,,,,,0.6,0.8,1.05
臺北市,內湖區,樂康里,Basin,臺北三區,,,,,0.6,0.8,1.05
臺北市,內湖區,週美里,Basin,臺北三區,,,,,0.6,0.8,1.05
臺北市,內湖區,行善里,Basin,臺北三區,,,,,0.6,0.8,1.05
臺北市,內湖區,石潭里,Basin,臺北三區,,,,,0.6,0.8,1.05
臺北市,內湖區,湖興里,Basin,臺北三區,,,,,0.6,0.8,1.05
臺北市,內湖區,湖元里,Basin,臺北三區,,,,,0.6,0.8,1.05
臺北市,內湖區,安湖里,Basin,臺北三區,,,,,0.6,0.8,1.05
臺北市,內湖區,金湖里,Basin,臺北三區,,,,,0.6,0.8,1.05
臺北市,內湖區,康寧里,Basin,臺北三區,,,,,0.6,0.8,1.05
臺北市,內湖區,明湖里,Basin,臺北三區,,,,,0.6,0.8,1.05
臺北市,內湖區,蘆洲里,Basin,臺北三區,,,,,0.6,0.8,1.05
臺北市,內湖區,麗山里,Basin,臺北三區,,,,,0.6,0.8,1.05
臺北市,內湖區,南湖里,Basin,臺北三區,,,,,0.6,0.8,1.05
臺北市,內湖區,寶湖里,Basin,臺北三區,,,,,0.6,0.8,1.05
臺北市,南港區,南港里,Basin,臺北三區,,,,,0.6,0.8,1.05
臺北市,南港區,中南里,Basin,臺北三區,,,,,0.6,0.8,1.05
臺北市,南港區,新富里,Basin,臺北三區,,,,,0.6,0.8,1.05
臺北市,南港區,三重里,Basin,臺北三區,,,,,0.6,0.8,1.05
臺北市,南港區,東新里,Basin,臺北三區,,,,,0.6,0.8,1.05
臺北市,南港區,新光里,Basin,臺北三區,,,,,0.6,0.8,1.05
臺北市,南港區,東明里,Basin,臺北三區,,,,,0.6,0.8,1.05
臺北市,南港區,西新里,Basin,臺北三區,,,,,0.6,0.8,1.05
臺北市,南港區,玉成里,Basin,臺北三區,,,,,0.6,0.8,1.05
臺北市,南港區,合成里,Basin,臺北三區,,,,,0.6,0.8,1.05
臺北市,南港區,成福里,Basin,臺北三區,,,,,0.6,0.8,1.05
臺北市,南港區,萬福里,Basin,臺北三區,,,,,0.6,0.8,1.05
臺北市,南港區,鴻福里,Basin,臺北三區,,,,,0.6,0.8,1.05
臺北市,南港區,百福里,Basin,臺北三區,,,,,0.6,0.8,1.05
臺北市,南港區,聯成里,Basin,臺北三區,,,,,0.6,0.8,1.05
臺北市,南港區,中研里,Basin,臺北三區,,,,,0.6,0.8,1.05
臺北市,南港區,仁福里,Basin,臺北三區,,,,,0.6,0.8,1.05
臺北市,南港區,重陽里,Basin,臺北三區,,,,,0.6,0.8,1.05
新北市,中和區,橫路里,General,一般震區,0.6,0.35,0.8,0.5,,,
新北市,中和區,内南里,General,一般震區,0.6,0.35,0.8,0.5,,,
新北市,新店區,太平里,General,一般震區,0.6,0.35,0.8,0.5,,,
新北市,新店區,柴埕里,General,一般震區,0.6,0.35,0.8,0.5,,,
新北市,新店區,德安里,General,一般震區,0.6,0.35,0.8,0.5,,,
新北市,新店區,雙城里,General,一般震區,0.6,0.35,0.8,0.5,,,
新北市,新店區,日興里,General,一般震區,0.6,0.35,0.8,0.5,,,
新北市,新店區,玫瑰里,General,一般震區,0.6,0.35,0.8,0.5,,,
新北市,新店區,塗潭里,General,一般震區,0.6,0.35,0.8,0.5,,,
新北市,新店區,美潭里,General,一般震區,0.6,0.35,0.8,0.5,,,
新北市,新店區,員潭里,General,一般震區,0.6,0.35,0.8,0.5,,,
新北市,新店區,雙坑里,General,一般震區,0.6,0.35,0.8,0.5,,,
新北市,新店區,粗坑里,General,一般震區,0.6,0.35,0.8,0.5,,,
新北市,新店區,屈尺里,General,一般震區,0.6,0.35,0.8,0.5,,,
新北市,新店區,龜山里,General,一般震區,0.6,0.35,0.8,0.5,,,
新北市,新店區,廣興里,General,一般震區,0.6,0.35,0.8,0.5,,,
新北市,新店區,直潭里,General,一般震區,0.6,0.35,0.8,0.5,,,
新北市,新店區,青潭里,General,一般震區,0.6,0.35,0.8,0.5,,,
新北市,新店區,新店里,General,一般震區,0.6,0.35,0.8,0.5,,,
新北市,新店區,張南里,General,一般震區,0.6,0.35,0.8,0.5,,,
新北市,新店區,國校里,General,一般震區,0.6,0.35,0.8,0.5,,,
新北市,新店區,文中里,General,一般震區,0.6,0.35,0.8,0.5,,,
新北市,新店區,廣明里,General,一般震區,0.6,0.35,0.8,0.5,,,
新北市,新店區,文明里,General,一般震區,0.6,0.35,0.8,0.5,,,
新北市,新店區,中興里,General,一般震區,0.6,0.35,0.8,0.5,,,
新北市,新店區,新生里,General,一般震區,0.6,0.35,0.8,0.5,,,
新北市,新店區,新德里,General,一般震區,0.6,0.35,0.8,0.5,,,
新北市,新店區,五峯里,General,一般震區,0.6,0.35,0.8,0.5,,,
新北市,新店區,明城里,General,一般震區,0.6,0.35,0.8,0.5,,,
新北市,新店區,吉祥里,General,一般震區,0.6,0.35,0.8,0.5,,,
新北市,新店區,小城里,General,一般震區,0.6,0.35,0.8,0.5,,,
新北市,新店區,香坡里,General,一般震區,0.6,0.35,0.8,0.5,,,
新北市,新店區,美城里,General,一般震區,0.6,0.35,0.8,0.5,,,
新北市,新店區,長春里,General,一般震區,0.6,0.35,0.8,0.5,,,
新北市,新店區,達觀里,General,一般震區,0.6,0.35,0.8,0.5,,,
新北市,新店區,華城里,General,一般震區,0.6,0.35,0.8,0.5,,,
新北市,樹林區,三興里,General,一般震區,0.6,0.35,0.8,0.5,,,
新北市,樹林區,樂山里,General,一般震區,0.6,0.35,0.8,0.5,,,
新北市,樹林區,東園里,General,一般震區,0.6,0.35,0.8,0.5,,,
新北市,樹林區,西園里,General,一般震區,0.6,0.35,0.8,0.5,,,
新北市,樹林區,南園里,General,一般震區,0.6,0.35,0.8,0.5,,,
新北市,樹林區,柑園里,General,一般震區,0.6,0.35,0.8,0.5,,,
新北市,樹林區,中山里,General,一般震區,0.6,0.35,0.8,0.5,,,
新北市,土城區,清化里,General,一般震區,0.6,0.35,0.8,0.5,,,
新北市,土城區,祖田里,General,一般震區,0.6,0.35,0.8,0.5,,,
新北市,五股區,觀音里,General,一般震區,0.5,0.3,0.7,0.45,,,
新北市,五股區,五龍里,General,一般震區,0.5,0.3,0.7,0.45,,,
新北市,泰山區,大科里,General,一般震區,0.5,0.3,0.7,0.45,,,
新北市,泰山區,黎明里,General,一般震區,0.5,0.3,0.7,0.45,,,
新北市,淡水區,中和里,General,一般震區,0.5,0.3,0.7,0.45,,,
新北市,淡水區,屯山里,General,一般震區,0.5,0.3,0.7,0.45,,,
新北市,淡水區,賢孝里,General,一般震區,0.5,0.3,0.7,0.45,,,
新北市,淡水區,興仁里,General,一般震區,0.5,0.3,0.7,0.45,,,
新北市,淡水區,蕃薯里,General,一般震區,0.5,0.3,0.7,0.45,,,
新北市,淡水區,義山里,General,一般震區,0.5,0.3,0.7,0.45,,,
新北市,淡水區,忠山里,General,一般震區,0.5,0.3,0.7,0.45,,,
新北市,淡水區,崁頂里,General,一般震區,0.5,0.3,0.7,0.45,,,
新北市,淡水區,埤島里,General,一般震區,0.5,0.3,0.7,0.45,,,
新北市,淡水區,新興里,General,一般震區,0.5,0.3,0.7,0.45,,,
新北市,淡水區,水碓里,General,一般震區,0.5,0.3,0.7,0.45,,,
新北市,淡水區,北投里,General,一般震區,0.5,0.3,0.7,0.45,,,
新北市,淡水區,水源里,General,一般震區,0.5,0.3,0.7,0.45,,,
新北市,淡水區,忠寮里,General,一般震區,0.5,0.3,0.7,0.45,,,
新北市,淡水區,樹興里,General,一般震區,0.5,0.3,0.7,0.45,,,
新北市,淡水區,坪頂里,General,一般震區,0.5,0.3,0.7,0.45,,,
新北市,淡水區,中興里,General,一般震區,0.5,0.3,0.7,0.45,,,
新北市,淡水區,協元里,General,一般震區,0.5,0.3,0.7,0.45,,,
新北市,淡水區,北新里,General,一般震區,0.5,0.3,0.7,0.45,,,
新北市,淡水區,正德里,General,一般震區,0.5,0.3,0.7,0.45,,,
新北市,淡水區,新民里,General,一般震區,0.5,0.3,0.7,0.45,,,
新北市,淡水區,新春里,General,一般震區,0.5,0.3,0.7,0.45,,,
新北市,淡水區,新義里,General,一般震區,0.5,0.3,0.7,0.45,,,
新北市,汐止區,八連里,General,一般震區,0.6,0.35,0.8,0.5,,,
新北市,汐止區,白雲里,General,一般震區,0.6,0.35,0.8,0.5,,,
新北市,汐止區,東山里,General,一般震區,0.6,0.35,0.8,0.5,,,
新北市,汐止區,長青里,General,一般震區,0.6,0.35,0.8,0.5,,,
新北市,汐止區,崇德里,General,一般震區,0.6,0.35,0.8,0.5,,,
新北市,汐止區,文化里,General,一般震區,0.6,0.35,0.8,0.5,,,
新北市,汐止區,拱北里,General,一般震區,0.6,0.35,0.8,0.5,,,
新北市,汐止區,湖興里,General,一般震區,0.6,0.35,0.8,0.5,,,
新北市,汐止區,保安里,General,一般震區,0.6,0.35,0.8,0.5,,,
新北市,汐止區,茄苳里,General,一般震區,0.6,0.35,0.8,0.5,,,
新北市,汐止區,保長里,General,一般震區,0.6,0.35,0.8,0.5,,,
新北市,汐止區,烘內里,General,一般震區,0.6,0.35,0.8,0.5,,,
新北市,汐止區,保新里,General,一般震區,0.6,0.35,0.8,0.5,,,
新北市,八里區,長坑里,General,一般震區,0.5,0.3,0.7,0.45,,,
新北市,鶯歌區,全區所有里,General,一般震區,0.6,0.35,0.8,0.5,,,
新北市,三峽區,全區所有里,General,一般震區,0.7,0.4,0.8,0.5,,,
新北市,瑞芳區,全區所有里,General,一般震區,0.6,0.35,0.9,0.55,,,
新北市,林口區,全區所有里,General,一般震區,0.5,0.3,0.7,0.45,,,
新北市,深坑區,全區所有里,General,一般震區,0.6,0.35,0.8,0.5,,,
新北市,石碇區,全區所有里,General,一般震區,0.7,0.4,0.9,0.55,,,
新北市,坪林區,全區所有里,General,一般震區,0.7,0.4,0.9,0.55,,,
新北市,三芝區,全區所有里,General,一般震區,0.5,0.3,0.7,0.45,,,
新北市,石門區,全區所有里,General,一般震區,0.5,0.3,0.7,0.45,,,
新北市,平溪區,全區所有里,General,一般震區,0.6,0.35,0.9,0.55,,,
新北市,雙溪區,全區所有里,General,一般震區,0.7,0.4,0.9,0.55,,,
新北市,貢寮區,全區所有里,General,一般震區,0.7,0.4,0.9,0.55,,,
新北市,金山區,全區所有里,General,一般震區,0.5,0.3,0.7,0.45,,,
新北市,萬里區,全區所有里,General,一般震區,0.5,0.3,0.8,0.5,,,
新北市,烏來區,全區所有里,General,一般震區,0.7,0.4,0.9,0.55,,,
臺北市,文山區,指南里,General,一般震區,0.6,0.35,0.8,0.5,,,
臺北市,文山區,萬芳里,General,一般震區,0.6,0.35,0.8,0.5,,,
臺北市,文山區,老泉里,General,一般震區,0.6,0.35,0.8,0.5,,,
臺北市,文山區,博嘉里,General,一般震區,0.6,0.35,0.8,0.5,,,
臺北市,文山區,萬美里,General,一般震區,0.6,0.35,0.8,0.5,,,
臺北市,南港區,舊莊里,General,一般震區,0.6,0.35,0.8,0.5,,,
臺北市,南港區,九如里,General,一般震區,0.6,0.35,0.8,0.5,,,
臺北市,內湖區,大湖里,General,一般震區,0.6,0.35,0.7,0.45,,,
臺北市,內湖區,金瑞里,General,一般震區,0.6,0.35,0.7,0.45,,,
臺北市,內湖區,碧山里,General,一般震區,0.6,0.35,0.7,0.45,,,
臺北市,內湖區,內溝里,General,一般震區,0.6,0.35,0.7,0.45,,,
臺北市,內湖區,安泰里,General,一般震區,0.6,0.35,0.7,0.45,,,
臺北市,內湖區,秀湖里,General,一般震區,0.6,0.35,0.7,0.45,,,
臺北市,士林區,天母里,General,一般震區,0.5,0.3,0.8,0.5,,,
臺北市,士林區,永福里,General,一般震區,0.5,0.3,0.8,0.5,,,
臺北市,士林區,公館里,General,一般震區,0.5,0.3,0.8,0.5,,,
臺北市,士林區,新安里,General,一般震區,0.5,0.3,0.8,0.5,,,
臺北市,士林區,陽明里,General,一般震區,0.5,0.3,0.8,0.5,,,
臺北市,士林區,菁山里,General,一般震區,0.5,0.3,0.8,0.5,,,
臺北市,士林區,平等里,General,一般震區,0.5,0.3,0.8,0.5,,,
臺北市,士林區,溪山里,General,一般震區,0.5,0.3,0.8,0.5,,,
臺北市,士林區,翠山里,General,一般震區,0.5,0.3,0.8,0.5,,,
臺北市,北投區,永和里,General,一般震區,0.5,0.3,0.7,0.45,,,
臺北市,北投區,林泉里,General,一般震區,0.5,0.3,0.7,0.45,,,
臺北市,北投區,開明里,General,一般震區,0.5,0.3,0.7,0.45,,,
臺北市,北投區,中和里,General,一般震區,0.5,0.3,0.7,0.45,,,
臺北市,北投區,秀山里,General,一般震區,0.5,0.3,0.7,0.45,,,
臺北市,北投區,泉源里,General,一般震區,0.5,0.3,0.7,0.45,,,
臺北市,北投區,湖山里,General,一般震區,0.5,0.3,0.7,0.45,,,
臺北市,北投區,大屯里,General,一般震區,0.5,0.3,0.7,0.45,,,
臺北市,北投區,湖田里,General,一般震區,0.5,0.3,0.7,0.45,,,
